name,links
1000 Degrees Pizza (Multiple Locations),https://www.1000degreespizza.com/
11 Degrees Daiquiri,https://11degreesdaiquiri.com/eleven-degrees
12 Cocktail Bar,https://www.12cocktailbar.com/
14 Parish Caribbean Kitchen,https://14parishkitchen.com/
1911 Smokehouse BBQ,http://1911bbq.com/
2 Much Sauce,https://www.instagram.com/2muchsaucefoodtruck/?hl=en
2 Sistas Cookin,https://www.2sistascookin.com/
3 In 1 Cafe,https://www.3in1cafe.com/
3 Parks Wine Shop,http://www.3parkswine.com/
4 Brothers Breakfast,https://www.4brothersbreakfasts.com/order-online#/
407 CHEF BBQ LLC,http://407chef.com/
5 Points Grille,https://www.facebook.com/5pointsbarandgrille/
6 Green Banana,http://www.6greenbanana.com/
656 Sports Bar & Grille,http://656sports.com/
701 Mosaic,http://www.701mosaic.com/
7th West,www.7thwest.com
800 Degrees Woodfired Kitchen,800degreesaventura.com
9 Mile Station,https://www.9milestation.com/
A Different Taste Catering,https://www.facebook.com/adifferenttastecatering/
A Girl Named Pinky,www.agirlnamedpinky.com/
A Haute Cookie,ahautecookie.com
A Taste of Royalty,https://www.facebook.com/pages/category/Restaurant/A-Taste-Of-Royalty-LLC-2437980549788466/
A&G International Caterers,http://www.international-caterers.com/
Abesha Ethiopian Cuisine,https://www.facebook.com/abeshaoakland/
Abuja International Restaurant,http://www.abujainternational.com/
Ackee Bamboo,http://ackeebamboojacuisine.com/
Ada's Gojjo,https://adagojjo.com/
Addis Ethiopian,http://addisrva.com/
Adey Abeba,https://adeyabeba.net/menu/
Akwaba,http://www.restaurantakwaba.ca/
Alamar Kitchen,www.alamaroakland.com
Alchemy Coffee Collective,www.alchemycollectivecafe.com/
Alem's Coffee,https://www.facebook.com/pages/category/Coffee-Shop/Alems-Coffee-137758752932576/
Alice's West Indian,https://www.facebook.com/pages/Alices-West-Indian/117032568314620
Allan's Bakery,http://www.allansbakery.com/#/
Allan's Jerk Shack,https://www.facebook.com/pages/category/Food-Truck/Allans-Jerk-Shack-173608689383400/
Alta California,http://www.altacaliforniafonda.com/
Altha's Louisiana Cajun Store & Deli,https://althascajunspices.com/
Amawele's South African Kitchen,https://amaweles.com/
Amazing Taste - Soul Food Kitchen,https://www.amazingtastesoulfood.com/
Amy Ruth's,http://amyruths.com/
Amy's Merkato,https://amyscafeseattle.com/
Anar restaurant,https://anar.life/
Andreamarie Cakes,www.andreamariecakes.com
Angel City Deli,https://www.angelcitydeli.com/order-food-online/all/
Angela Logan's Mortgage Apple Cakes Bakery and Cafe,https://maccakes.com/
Angie's Soul Cafe,http://www.angiessoulcafe.com/
Ann's Snack Bar,https://www.facebook.com/anns-snack-bar-156215627758930/
Anna Bell's Mac,annabellsmac.com
Annie B & Earl's Pancake House,http://anniebandearls.com/
Annie's Hot on D-Spot Roti Shop,https://www.hotondspotrotishop.com/
Anthony's Cookies,http://anthonyscookies.com
Antille’s Cuisine,https://www.facebook.com/AntillesCuisine/
Anything's Baked Potato,http://www.anythingsaustin.com/
Arawak Farm,www.vassellfoods.com
Arlee's Raw Blends,https://www.arleesrawblends.com/
Arlee's Raw Blends,https://www.arleesrawblends.com/
Asanka Delight African Cuisine,https://www.asankadelight.net/
Asmara,http://asmararestaurant.com/
Aster's Ethiopian Restaurant,https://www.facebook.com/AstersEthiopianRestaurant/
At the Table,https://www.atthetablenj.com/
Atlanta Breakfast Club,atlantabreakfastclub.com
Au Goût Tropical,https://www.facebook.com/RestoAugouttropical/
Aunt Berta's Kitchen,https://www.auntbertaskitchen.com/
Auntie April's,http://www.auntieaprils.com/
Awash Ethiopian,awashmiami.com
Awash Restaurant,http://awashrestaurantlosangeles.mybistro.online/
Axum Cafe,www.axumcafesf.com/
Ayo Restaurant,http://ayo-restaurant.doomby.com/
Azla Vegan,https://azlavegan.com/
B&L Wings,http://bnlwings.com/
B&M Market,bmmarketmiami.com
B&R's Old-Fashion Burgers,http://www.bandrburgers.com/
B's Cracklin BBQ,https://www.facebook.com/BsCracklinBBQATL/
BK9,https://www.bk9.nyc/
BKLYN Blend,http://www.bklynblend.com/
BLESS MY SOUL FOOD CATERING,http://blessmysoulfood.com/
BLVD Bistro,https://www.boulevardbistrony.com/
BQE Restaurant & Lounge,https://www.bqelounge.com/
Baby Greens,https://www.eatbabygreens.com/
Back A Yard Carribean Grill Inc,http://www.backayard.net/
Back a Yard Caribbean Grill,backayard.net
Backroom Catering,https://www.facebook.com/BackRoomCatering/
Backyard BBQ,https://www.sweetribs.com/Home
Bahadi's Chicken and Lounge,https://bahadischickenlounge.com/
Bahamian Pot,https://www.facebook.com/TheBahamianPot/
Baked from the Hart,https://bakedfromthehart.com/
Balloo,balloorestaurant.com
Baltimore Crab & Seafood,baltimorecrab.suredine.com
Bamboo Shack,bambooshack.us
Bana Ethiopian and Eritrean Restaurant,https://banaethiopiantogo.com/
Banadir Somali Restaurant,http://banadir-somali-restaurant.cafe-inspector.com/
Bananas Grill,https://bananagrillseattle.com/
Bankhead Seafood,https://www.facebook.com/pages/Bankhead-Seafood/145766032123911
Bantaba,bantabarestaurant.com
Bar-B-Q Boyz,https://bbq-boyz.business.site/?utm_source=gmb&utm_medium=referral
Barcote Ethiopian Restaurant,http://orderbarcoteethiopianrestaurant.com/
Basquiat's Bottle,https://www.instagram.com/basquiatsbottle/?hl=en
Bati Kitchen,https://www.batikitchen.com/
Bayou Grille,https://www.bayougrille.net/
Beales Texas BBQ,https://bealestexasbbq.com/
Beau Legs Fish 'N' Chip,https://www.facebook.com/pages/category/Seafood-Restaurant/Beau-Legs-Fish-N-Chip-143361385682468/
Beaubien Bagel,https://www.facebook.com/bestinmontreal
Beckham's B&M Barbecue,https://www.facebook.com/BeckhamsBMBarbque/
Bed Stuy Fish Fry,https://bedstuyfishfry.com/
Bed Stuy Fish Fry,https://bedstuyfishfry.com/
Bed Stuy Fish Fry,https://bedstuyfishfry.com/
Bed Stuy Fish Fry,https://bedstuyfishfry.com/
Bed Vyne Wine,https://wine.bed-vyne.com/
Bella Trattoria,http://www.bellatrattoriasf.com/
Berber Street Food,https://berberstreetfood.com/
Better Than Philly Cheesesteaks,https://www.betterthanphilly.com/Welcome.tpl
Betty Lee Jeans Kitchen,https://www.bettyleejeans.com/Welcome.tpl?action=nc&from=Top125
Bev's Kake Kafe,https://www.bevskakekafe.com/
Bienvenue Chez Fusion,https://www.bienvenuechezfusionmenu.ca/
Big Al's Diner,https://www.facebook.com/pages/category/Diner/Big-Als-Diner-117633214922653/
Big Country Kitchen,www.bigcountrykitchenllc.com
Big Daddy's Soul Food,https://bigdaddysdish.com/restaurant
Big Dave's Cheesesteaks,https://www.thebigdavescheesesteaks.com/
Big Easy Bar & Grill,https://www.facebook.com/barandgrillbigeasy/
Big Lou's Single Wing Express,https://www.facebook.com/singlewingexpress/
Bird Bird Biscuit,https://www.birdbirdbiscuit.com/
Bistro King Creole,https://www.facebook.com/BistroKingCreole/
Bistro Nolah,http://bistronolah.com/
Black Bottom Southern Kitchen,https://blackbottomkitchen.com/
Black Box Fix,blackboxfix.com
Black Swan Espresso,https://www.bse.coffee/
Blackberry Soul Fine Catering,www.blackberrysoul.net
Blessed Tropical Jamaican Cuisine,https://www.facebook.com/pages/Blessed-Tropical-Jamaican-Cuisine/140356026000492
Bliss Pops,www.iloveblisspops.com
Bloom & Plume,https://www.bloomandplumecoffee.com/
Bludso's,https://www.barandque.com/
Blue Nile,www.bluenilefood.com/
Blue Nile Ethiopian Restaurant,http://www.bluenilerestaurant.com/
Blueberry Cafe Juice Bar & Vegan Grille,https://www.iloveblueberrycafe.com/
Blueprint Cafe,https://www.blueprintcafelounge.com/
Bo Leg's BBQ,bolegsbbq.com
Bo's Boys BBQ,https://www.facebook.com/bosboysbbq/
Bob's BBQ,http://bobsbarbq.yolasite.com/
Bobby's Meals,https://www.facebook.com/Bobbys-Meals-164844823709206/
Bodkin Wines,www.bodkinwines.com/
Bohemian House of Espresso + Chai,https://www.bohemianchai.com/
Bole Ethiopian Restaurant,http://www.boleatlanta.com/
Bon Gout BBQ,bongoutbbq.com
Bonnie B's Smokin BBQ Heaven,https://www.bonniebssmokin.com/
Boogalou Restaurant & Lounge,https://www.boogalouatl.com/
Boom J's Cuisine,https://www.boomjscuisine.ca/
Boon Boona,https://www.boonboonacoffee.com/
Boricua Soul,https://boricuasoulnc.com/
Boug Cali,https://bougcali.com/
Bourbon Street Bar & Grill,https://www.bourbonstreetfullerton.com/
Bradfords Barr,https://www.facebook.com/pages/category/Caterer/Bradfords-Barr-Restaurant-Catering-271055096387637/
Bread and Butter Catering,https://www.facebook.com/Bread-and-Butter-Catering-345984678839124/
Brick & Spoon,http://brickandspoonorlando.com/
Bro-Ritos,https://www.broritosfoodtruck.com/
Brooklyn Kettle,https://www.brooklynkettle.com/
Brown Butter Craft Bar and Kitchen,https://brownbutternyc.com/
Brown Estate,www.brownestate.com/
Brown Sugar Kitchen,www.brownsugarkitchen.com/
Brown's Corner Restaurant,https://brownscornerrestaurant.weebly.com/
Brundo Spices,www.brundo.com
Bubbles and Juice,https://www.facebook.com/BubblesandJuiceFL/
BuddahBelly Kitchen LLC,http://www.chefbuddah.com/
Buffalo's,https://www.buffaloschicken.com/
Buka,https://bukanewyork.com/
Bundts On Melrose,http://www.bundtsonmelrose.com/
Bunna Cafe,https://bunnaethiopia.net/
Burger Walla,http://www.burgerwalla.com/
Burger de Ville,http://www.burgerdeville.com/fr/menu.html
Burgerstrasse,http://burgerstrasse.com/
Burke and Black,https://burkeandblack.com/
Burlap Coffee,https://www.facebook.com/pages/category/Coffee-Shop/Burlap-Coffee-344164743009784/
Buster's Southern BBQ,www.busterssouthernbbq.com/welcome.html
Busy Baking,https://www.busybaking.info/
Busy Bee Cafe,https://www.thebusybeecafe.com/
Bô Grill,https://www.facebook.com/BoGrill/
C Bon Bakery,cbonbakery.com
CAPONFOOD traiteur inc,www.caponfood.com
CJ's BBQ and Fish,http://places.singleplatform.com/c-js-bbq--fish/menu?ref=google
CMB Soul Food,https://cmbsoulfood216.com/
CW & Chris Fish and Chicken,https://cwandchris.wixsite.com/cwandchris
Cafe Avole,https://www.facebook.com/cafeavole/
Cafe Bourbon St,https://linktr.ee/cafebourbonst?fbclid=IwAR3fBAlBHhHxClS02gouHJA1imyPhdqkU5cd__Tgel2DqA2ezrbBDRqHUdA
Cafe Campagne,https://cafecampagne.com/
Cafe Colucci,www.cafecolucci.com/
Cafe Dareye,https://www.facebook.com/cafedareye/
Cafe Dejena,www.cafedejena.com/
Cafe Envy,www.facebook.com/CafeEnvySF/
Cafe Eritrea D'Afrique,http://cafeeritreadafrique.com/
Cafe Ethiopia,www.yelp.com/biz/cafe-ethiopia-san-francisco
Cafe Frida Gallery,www.cafefridagallery.com/
Cafe Ibex,http://cafeibexseattle.cafecityguide.website/
Cafe International,www.facebook.com/cafeinternational/
Cafe Mobay,https://www.cafemobaynj.com/
Cafe Romanat,www.caferomanat.com
Cafe Rue Dix,https://www.caferuedix.com/
Cafe Selam,https://www.cafeselam.com/
Cafe on Ralph,http://www.cafeonralphbk.com/
Café Résonance,http://resonancecafe.com/
Café le 5e,https://www.le5e.cafe/
Caked By Pat,https://squareup.com/store/caked-by-pat
Cakes by La'Meeka,http://www.cakesbylameeka.com/
Calabash,https://www.calabashbistro.com/
Calavera,www.calaveraoakland.com
Cali Alley,www.calialley.com
CamiCakes,https://www.camicakes.com/
Camisha's Cakes,www.camishascakes.com/
Capers Restaurant & Bar,capersonmain.com
Capo Steaks,https://www.facebook.com/CapoSteaks/
Carib Patties,http://www.caribpatties.com/
Caribbean Curry House,https://www.maisonducari.com
Caribbean Delicacies,https://www.cdelicacies.com/
Caribbean Delite,https://www.caribbeanaffairs.info/caribbean-delite
Caribbean Food Factory,https://caribbeanfoodfactory.restaurant/
Caribbean Paradise,http://caribbeanparadiserestaurant.ca/
Caribbean Spices,https://carribeanspicesdba.net/
Carmen & Family BBQ,http://carmenandfamilybbq.com/
Carmen & Family BBQ,http://carmenandfamilybbq.com/
Carol's Creative Chocolatez,https://www.carolscreativechocolatez.com/
Carolina Smoke,https://www.carolinasmoke.com/menu/
Caroline's Creole Kitchen,www.gocreole.co/
Carolyn's Soul Food,https://carolynsoulfoods.com/home
Carribbean Sunshine Bakery (Multiple Locations),https://www.csborlando.com/
Carribean Tasty Treats,http://www.caribtastytreats.com/en/menu/
Carver's Produce,https://www.carversproduce.com/
Casse-Croûte La Belle Anne,https://www.facebook.com/pages/category/Restaurant/Casse-Croute-la-Belle-Anne-206155296425779/
Casse-Croûte Pam Pi Bon,https://cassecrotepampibon.foodpages.ca/
Casse-Croûte Sissi & Paul,https://www.facebook.com/sissietpaul/
Casse-Croûte Wilou Express,https://www.facebook.com/pages/Casse-Croute-Wilou-Express/423701467694564
Casserole Kréole,https://casserolekreole.com/
Catered to You,https://cateredtoyou.business.site/?m=true
Catfish Corner,https://www.catfish-corner.com/
Caña,www.canaoakland.com
Central Cafe and Juice Bar,https://www.centralcafeseattle.com/
Cheeky Sandwiches,https://www.cheekysandwiches.com/
Cheesecaked,https://getcheesecaked.com/
Chef Creole,chefcreole.com
Chef Kenneth Wynn,www.wynncatering.com
Chef Marilyn's,https://www.chefmarilyns2638.com/
Chef Michele McQueen,www.chefmichele.com
Chef Ron's Pastries,www.crpastries.com
Chef Smelly's,https://www.facebook.com/pages/Chef-Smellys-Pop-Up/1739937729607329
Cherry's Lounge,https://cherrysloungeofjc.com/
Cheryl's Global Soul,https://www.cherylsglobalsoul.com/
Chez Khady,https://www.facebook.com/chezkhady/
Chez Le Bebe,https://www.facebook.com/pages/Chez-Le-Bebe/109351799104378
Chez Milie Casse-Croûte,https://www.facebook.com/pages/category/Fast-Food-Restaurant/Casse-cro%C3%BBte-Chez-Milie-328205227313943/
Chez Milo & Fine,https://chezmiloetfine.com/
Chez Soul Southern Cuisine,www.chezsoulsoutherncuisine.com/
Chez Toutou Resto-bar,https://www.facebook.com/ChezToutouRestoBar/
Chicago's Home for Chicken & Waffles,https://chicagoschickenandwafflescle.com/
Chicken Fire,https://www.alacartorlando.com/chicken-fire
Choose Life Foods,https://chooselifefoods.com/
Chris' Kitchen Soul Food,https://chris-kitchen-soul-food.business.site/
Cirque Daquiri Bar & Grille,cirqueatlanta.com
City Teriyaki,https://cityteriyaki.com/
Claire's Crunch Cake,https://clairescrunchcake.wixsite.com/cakes
Classic Eats,classiceatsburien.com
Clean Juice,https://cleanjuice.com/locations/morristown/
Cliff's Texas Style Burritos,http://www.cliffsburritos.com/
Clive's Cafe,clivescafe.com
Clockwork Counter Bakery,https://www.facebook.com/clockworkcounterbakery/
Cloud 9 Bakers (Gluten-Free),http://cloud9bakers.com/
Club Waziema,https://www.facebook.com/pages/Club-Waziema/117213721625680
Clues and Cocktails,https://cluesandcocktails.com/
Cococakes by Coco,cococakesbycoco.com
Coffee & A Specialty Bakery,http://www.specialtys.com/
Coffee and Cornbread Co.,https://www.coffeeandcornbread.com/
Coleman's Sports Design Pizza,https://www.colemanspizza.com/
Columbo Room,https://www.facebook.com/pages/Columbo-Room/116077145087957
Comfort LA,https://www.eatcomfortla.com/
Comfort LA,https://www.eatcomfortla.com/
Comfort Zone,http://www.msquareddining.com/
Compton Vegan,https://comptonvegan.com/
Concord Tap House,https://concordtaphouse.com/
Confectionist Bakery,confectionistbakeryatl.com
Cook's Kitch'N,https://www.eatatcooks.com/
Cool Runnings Caribbean,https://www.facebook.com/CoolRunninsNJ/
Cool Runnings Cuisine,http://www.coolrunningsnj.com/
Cornbread,https://cornbreadsoul.com/
Corner 103 (winery),www.corner103.com/
Corner Grind Coffee Kitchen,https://m.facebook.com/pages/Corner-Grind/1393639924225177
Corrine's Place,https://www.corinnesplace.com/
Cortona Cafe,http://cortonacafe.com/
Corwin's Personal Chef & Catering Services,https://www.chefcorwin.com/
Cote Gourmet,cotegourmet.com
Country Boyz Fixins - Main Downtown,https://countryboysfixins.com/
Country Boyz Fixins - Manor,https://countryboysfixins.com/
Crabman305,crabman305miami.com
Creole Orleans Catering,https://creoleorleanscatering.com/
Crockett's Fish Fry,https://www.facebook.com/CrockettsFishFry/
Crumble & Whisk Patisserie,https://crumbleandwhisk.com/
Crumble & Whisk Patisserie,https://crumbleandwhisk.com/
Cuisine Caraibe Delite,https://www.facebook.com/cuisinecaraibedelite/
Cumberbatch Sweet Tater Torte,https://www.facebook.com/CumberbatchSweetTater/
Cupcakin' Bake Shop,https://cupcakinbakeshop.com/
Cupcakin' Bake Shop,https://cupcakinbakeshop.com/
D's Original Take Out Grill,https://www.dsogtakeoutgrill.com/
DJ Poulet,https://www.facebook.com/DjPouletmontreal/
Da Slice,https://www.facebook.com/dasliceatx/
Da' Flora,http://daflora.com/
Daddy D'z BBQ Joynt,https://daddydz.com/
Dajen Eats,https://www.facebook.com/dajeneats/
Daleview Biscuits and Beer,https://www.biscuitsandbeer.nyc/
Dame's Chicken and Waffles,https://dameschickenwaffles.com/
Daniel's Test Kitchen,www.facebook.com/danielstestkitchen/
Dashen Ethiopian Cuisine,http://www.dashenethiopiannj.com/
Dat Creole Soul,https://datcreolesoul.com/
Dat Fire Jerk Chicken,https://www.datfirejerkchicken.com/
David Grocery & Bar-B-Q,http://www.bbqtaylor.com/
Day Day’s BBQ & Waffle House,http://days-bbq-and-waffle.top-cafes.com/
DeVaughn's Cajun Kitchen,https://devaughnscajunkitchen.net/
Decades Bar and Grill,https://www.decadesbarandgrill.com/
Delish Ethiopean Cuisine,http://delishethiopianfood.com/
Dellia's Jerk Palace,https://www.facebook.com/pages/Dellia-Jerk-Palace/490072377821546
Delta's,https://deltasrestaurant.com/
Deon's Restaurant,deonsrestaurantco.com
Derrick's On Atlantic,https://derricksonatlantic.com/
Derricks On Atlantic,https://derricksonatlantic.com/
Desta Ethiopian Kitchen,https://destaethiopiankitchen.com/
Deva Cakes,https://www.facebook.com/Deva-Cakes-610190839119207/
Devine Soups n More,https://www.devinesoupsnmore.com/
Dia's Market,https://diasmarket.com/
Diaspora Kitchen,diaspora-kitchenatl.com
Dimond Slice Pizzeria,http://dimondpizza.com/
Dini Kitchen,http://www.tasteofthecaribbeanseattle.com/
Diolo Traiteur,https://www.facebook.com/DioloTraiteur/
Dirty Glove Midwest BBQ,https://www.facebook.com/Dgmbbq313/
Doctor's Cave Cafe,http://doctorscavecafe.com/
Doll Babee Cheesecakes,http://dollbabeecheesecakes.com/
Donevette's Confections,https://www.donevettesconfections.com/
Downtown Caribbean Eats,https://www.dcenewark.com/
Drae's Lake Route Eatery,http://places.singleplatform.com/nates-wings--waffles/menu?ref=google
DreamKitchen,https://www.facebook.com/pages/category/Restaurant/The-Dream-Kitchen-174343700012115/
Drexl,www.drexl.bar/
Dukunoo Jamaican Kitchen,dukunoojamaicankitchen.com
Dulan's Restaurant,http://www.dulansoncrenshaw.com/
Dulan's Soul Food Kitchen,https://www.dulans-sfk.com/
Dur Dur Cafe,https://www.facebook.com/pages/Dur-Dur-Cafe/121086414568612
EU's Catering Co,https://www.euscatering.com/
Earle's On Crenshaw,https://earlesrestaurant.com/
East Africa Restaurant,https://www.eastafricarestaurant.com/
East African Imports,https://eastafricanimports.com/
Eat N Wash,https://www.facebook.com/eatnwash/
Eileen's Soul Food,https://www.eileenssoulfood.com/
El Bohio Cafe and Restaurant,https://m.facebook.com/elBohioRest/
Elite Bistro,https://en-gb.facebook.com/elitebistrocle/
Elitist Coffee,https://elitistcoffee.business.site/?utm_source=gmb&utm_medium=referral
Elve's BBQ and Soul Food,https://www.facebook.com/pages/Elves-Barbecue-Soul-Food/144234978945131
Emerald City Fish & Chips,http://www.emeraldcityfishandchips.com/
Emma's BBQ,https://www.facebook.com/emmasbbq1/
Empress Taytu,http://empresstayturestaurantcleveland.com/
Enat Ethiopian Restaurant,http://www.ethiopianrestaurant.com/washington/enat_ethiopia.html
Enat Winery,https://www.visitoakland.com/listing/enat-winery/284/
Enssaro Ethiopian,www.enssaro.com/
Epicerie Alimentari Sud,https://www.alimentari.ca/
EpicesKay,https://www.facebook.com/epiceskay1/
Eric's Jamaican Cuisine,https://www.facebook.com/EricsJamaican/
Esobar Restaurant & Tapas,https://www.escobaratlanta.com/
Estime's Cafe,http://www.estimescafe.com/
Ethiopia Restaurant,http://orderethiopiarestaurant.com/
Euro Wafel Bar,https://www.facebook.com/cwruwafels/
Everett & Jones Barbeque,https://eandjbbq.com/
Everett & Jones Barbeque,https://eandjbbq.com/
Excelsior Coffee,www.xlcrsf.com
Ezells Fried Chicken,https://ezellschicken.com/
FIELDTRIP,https://www.fieldtripnyc.com/
Family Garden,http://www.familygarden-sf.com/
Family House of Fish & Poultry,www.facebook.com/Family-House-of-Fish-and-Poultry-147661838584980/
Farafena,https://www.farafena.com/
Fat Man Super BBQ,https://www.facebook.com/pages/category/Barbecue-Restaurant/Fat-Man-SuperBBQ-718792168196358/
Fat's Chicken Waffles,http://fatschickenandwaffles.com/menu/
Faux Real Burger,https://www.instagram.com/fauxrealburger/?hl=en
Fawaky Burst Juice Company,https://www.fawakyburst.com/?fbclid=IwAR3nM1CcekIMkBXdql_-hSMMvrxoABHSWBWoYSbEfqgBkUo2JSqnSrNue-A
Feedel Bistro,http://feedelbistro.com/
Fellaship ATL,fellashipatl.com
Fenn Coffee,https://fenncoffee.com/
Fin & Feathers ATL,https://www.finandfeathersrestaurants.com/
FineFine,www.finfine.com
Firehouse Brew & Grill,https://firehousemartinez.com/
First Batch Artisan Foods,https://www.firstbatchartisan.com/
First Republic Lounge,https://www.firstrepubliclounge.com/
Fish Bone Seafood,https://fishboneseafood.com/fishbone-seafood-gardena/
Fish Thyme,http://newsite.fishthymerestaurant.com/
Flava! Jamaican Soul Food,http://www.flavajamaicanandsoulfood.com/menu.html
Flavas Jamaican Grill,https://flavasjamaicangrillsf.com/
Flavors From A Far,https://www.flavorsfromafar.co/
Flavors Nigerian Restaurant,https://www.flavorsnigerian.com/
Folklores Coffee Roasters,https://www.google.com/search?q=folklores+coffee+roasters&rlz=1C5CHFA_enUS769US769&oq=Folklores+Coffee+Roasters&aqs=chrome.0.0l2.147j0j4&sourceid=chrome&ie=UTF-8
Food4ThaSoul,https://www.facebook.com/pages/Food4thesoul-226-Rosa-Parks-Blvd/105658994184056
Foodies Cafe,https://foodies-cafe.com/
Foodprint Wine Tap,https://footprintwine.com/
Fort Green,www.fortgreenoakland.com/
Fourchette Antillaise,https://www.fourchetteantillaise.com/
Fowler's Smokin Soul Food,https://fowlerssmokinsoulfood.business.site/
Freddy B's BBQ,https://www.facebook.com/pages/Freddy-Bs-Bbq/1845609175517476
Frederick's Wine & Dine,http://www.fredericksdine.com/?fbclid=IwAR3kyCA5-WiBMaNl_S0c88WShOirYvqYUaZh2WkqWNpzY3SvHaX7LHBjXug
Freetown Kitchen,https://www.freetownkitchen.com/
Freetown Road Project,http://www.freetownroadprojectnj.com/
Fresh & Meaty Burgers,http://freshandmeaty.com/index.php/ohio/
Fresh Remedy,https://www.instagram.com/freshremedyhealth/
Fresh Smoothie Cafe,https://www.freshsmoothiecafe.com/
Fresh and Meaty Burgers,https://www.bestturkeyburgerlosangeles.com/
Fresh and Meaty Burgers,https://www.bestturkeyburgerlosangeles.com/
Fresh and Meaty Burgers,https://www.bestturkeyburgerlosangeles.com/
Fresh and Meaty Burgers,https://www.bestturkeyburgerlosangeles.com/
Friendly’s Subs & More,https://www.friendlyssubsandmore.com/?fbclid=IwAR18G-nO3FhPtbe7oebMDoQI8zx1Xm7K7T9CW728RT619bohRdCVumq7DXE
Frisco Fried,http://www.friscofried.biz/
From Scratch with Love Catering,https://fromscratchwithlovecatering.com/shop
Frontline,https://www.facebook.com/pages/Frontline-Restaurant-Enr/130624453635679
Fueled By Protein Lab,https://www.fueledbyproteinlab.com/
Full Belly Bakery,https://fullbellybakery.com/
Fyre Bird,https://www.toasttab.com/fyrebird-15717-crenshaw-bl-unit-a/v3
GS Cafe and Ethiopian Cuisine,https://gs-cafe-and-ethiopian-cuisine.business.site/
Garden City Restaurant,https://gardencityrestaurant.com/
Georgia Roots Urban Farm,https://www.garoots.farm/
Georgia's Restaurant,https://www.georgias-restaurant.com/
Georgia's Restaurant,https://www.georgias-restaurant.com/
Georgia’s Restaurant,http://georgias-restaurant.com/menu/
Gilly Brew Bar,https://www.gillybrewbar.com/
Gocha's Breakfast Bar,https://www.gochasbreakfastbar.com/
Gojo Ethiopian Restaurant,http://www.gojoethiopianrestaurant.com/
Golden Krust (Multiple Locations),http://www.orlandogoldenkrust.com/
Golden Krust Caribbean Grill,https://www.goldenkrust.com/
Golden Krust Caribbean Restaurant,https://www.goldenkrust.com/
Golden Safari,https://goldensafari.net/
Good Fellas BBQ,https://www.thisiscleveland.com/locations/goodfellas-bbq
Goorsha,https://www.goorshadurham.com/
Gossip Shack,https://www.facebook.com/GossipShack/
Gourmonade,www.gourmonade.com/
Goûter Tropical,https://www.goutertropicalmontreal.ca/
Graffiti Pizza,https://www.graffitipizzafl.com/
Gram’s Kitchen,https://www.gramskitchenlapalma.com/
Grandchamps,http://www.grandchamps.nyc/
Grandchamps,http://www.grandchamps.nyc/
Grandeur,www.grandeuroakland.com/
Grandma's Kitchen Real Caribbean Food,https://grandmas-kitchen-real-caribbean-food.business.site/
Grandma's in Da Kitchen,https://www.facebook.com/grandmasindakitchen/
Grant Park Coffeehouse,https://www.facebook.com/grantparkcoffeehouse/?rf=543983912389085
Grass VBQ,https://grassvbqjoint.com/
Gravy,https://www.gravyvashon.com/
Greedi Vegan,https://www.facebook.com/greedivegan/
Greenz,http://greenzrestaurant.ca/
Gregory's Gourmet Desserts,www.gregorysgourmetdesserts.com/
Grillades Haitennes,https://www.facebook.com/pages/category/Restaurant/Grillades-Ha%C3%AFtiennes-153736451853490/
Grilled Chicken Palace,https://www.facebook.com/Grilled-Chicken-Palace-174468628324/?fref=ts
Grilled Fraiche,https://www.instagram.com/grilledfraiche/
Grilled Fraiche,https://www.instagram.com/grilledfraiche/
Griot Cafe,https://www.instagram.com/griotcafe/
Grocery Outlet,https://www.facebook.com/OrangeGroceryOutlet/
Groovin' Bean,groovinbean.com
Grown,grown.org
HLS Juice Bar and Grill,https://hlsjuicebarandgrill.com/
Habesha Ethiopian,https://www.habeshaaustin.com/
Haile,http://hailecuisine.com/
Haitian American Cuisine,https://www.haitianamericancuisine.com/online-ordering
Haleluya Ethiopian Gourmet,www.facebook.com/pages/category/Ethiopian-Restaurant/Haleluya-Ethiopian-Gourmet-114027840290429/
Halftime Sports Bar,https://www.facebook.com/pages/category/Sports-Bar/Halftime-Sports-Bar-127388960661760/
Hambone's Smokehouse,http://hambonesbarandgrill.com/#/home
Hambone's Smokehouse,http://hambonesbarandgrill.com/#/home
Hambones BBQ Bar & Grill,https://hambonesbarandgrill.com/#/home
Hammond’s Bakery,https://www.hammondspatties.com/
Hands of a Craftsman LLC,https://www.facebook.com/HandsofaCraftsman/
Handy Smokes,http://www.handyssmokehousemeats.com/
Happy Cork,https://happy-cork.com/
Happy Ice,https://happyicela.com/
Harambe,https://harambeethiopianrestaurant.com/
Hardcore Sweets,https://hardcoresweets.com/
Harlem Hops,https://www.instagram.com/harlemhops/?hl=en
Harlem Shake,https://www.harlemshakenyc.com/
Harold & Belle's,http://www.haroldandbelles.com/
Harold's Chicken,https://www.haroldschickenla.com/
Harriet's Cheesecakes Unlimited,https://www.facebook.com/HarrietsCheesecakesUnlimited/?rf=155093151193946
Harry's Daughter,https://harrysdaughter.com/
Harvard Wine & Grill,https://www.facebook.com/pages/category/Bar---Grill/Harvard-Wine-Grill-117598118266431/
Hattie Marie's BBQ,https://www.hattiemariesbarbecue.com/
Hawkin's House of Burgers,http://www.hawkinsburgers.com/
Hazel Southern Bar & Kitchen,www.hazelsf.com
Healing Kitchen,https://www.healingkitchensf.com/
Healthful Essence,https://healthfullessence.com/
Heaven Sent Fried Chicken,https://www.heavensentfriedchicken.com/
Heights Soul Food & Grill,https://www.facebook.com/soulfood2238/?rf=283161631873890
Hella Nuts,www.thatshellanuts.com
Henri's Hotts Barbeque,https://bestbbqsj.com/
Hillery Street Restaurant & Grill,https://www.hillerystreetgrill.net/
Hilltop Coffee + Kitchen,http://findyourhilltop.com/
Hilltop’s Jamaican Market & Restaurant,http://www.hilltopsjamaican.com/
Hippies Brew,www.hippiesbrew.com/
Hippies Brew,www.hippiesbrew.com/
Hodgepodge,https://hodgepodgecoffee.com/
Home Sweet Harlem,https://homesweetharlem.nyc/
Home of Chicken and Waffles,www.homeofchickenandwaffles.com
Honey Uninhibited,honeyuninhibited.com
Honey's Kettle,http://honeyskettle.com/
Hoover's Cooking,https://www.hooverscooking.com/
Horn BBQ,www.hornbarbecue.com
Hot & Cool Cafe,https://hotandcoolcafe.com/
Hot Africa,https://www.facebook.com/restauranthotafrica/
Hot Dog Co.,http://www.thehotdogco.com/
Hot Sauce Williams,https://www.facebook.com/pages/category/Barbecue-Restaurant/Hot-Sauce-Williams-115607428469332/
Hotville Chicken,https://www.hotvillechicken.com/
House of Soul,http://house-of-soul.cafe-inspector.com/
House of Tadu Ethiopian Kitchen,http://taduethiopiankitchen.com/
House of Wings,http://houseofwingsmiami.com/
How Delish,https://www.howdelishhd.com/
Hummingbird Bakery & Dessert Bar,www.hummingbirddesserts.com/
I Am Cafe,www.iamashland.com/
Ice Cream Heaven,https://www.facebook.com/icecreamheavenmg/
Ila Mae's Restaurant,https://www.facebook.com/IlaMaesRestaurant/
Impresso,http://impressocafe.com/
Incredible Foodz,https://www.incrediblefoodz.com/
Inkosi Cafe,http://www.inkosicafe.com/#about
Irie Jamaican Kitchen,https://www.iriejakitchen.com/
Island Classic Caribbean,http://islandclassiccaribbean.com/
Island Fork,https://www.islandfork.com/
Island Soul Rum Bar & Soul Shack,https://www.islandsoulrestaurant.com/
Island Taste,https://www.facebook.com/pages/category/Product-Service/Island-Taste-Hookah-Bistro-Lounge-102710351195743/
Island Thyme,https://www.islandthymegrille.com/
It's All Good Bakery,www.itsallgoodbakery.com/home.php
It's Naughty Panda (Vegan),https://www.myveganpanda.com/
J Looney's New Orleans,https://www.facebook.com/jlooneyscltrfd/
J's Soul Food,https://tjs-soul-food-kitchen.business.site/
J. Leonardi's Barbeque 11th St.,http://places.singleplatform.com/j-leonardis-barbeque-1/menu?ref=google#menu_2513095
J9 Smoothie Bar & Grill,https://www.facebook.com/J9SmoothieBarAndGrill/
JP's Pancake Company,https://www.jpspancakecompany.com/
Jackfruit Cafe,https://jackfruitcafe.com/
Jackie's Place,https://www.jackiecaters.com/jackiesplace
Jackson's Soul Food,https://www.facebook.com/JacksonSoulFood950/
JamRock,jamrockrestaurant.com
JamaFo Jamaican Food Xpress,https://www.jamafoxpress.com/
Jamaica Breeze,https://jamaicabreezenyc.com/
Jamaica House Restaurant,https://www.facebook.com/Jamaicahousemiami/
Jamaican Delight Restaurant,https://www.facebook.com/pages/Jamaican-Delight-Restaurant/100862539958876
Jamal's Buffalo Wings,https://www.facebook.com/pg/Jamalsbuffalowings/
James and the Giant Cupcake,www.jamesandthegiantcupcake.com/
James and the Giant Cupcake,www.jamesandthegiantcupcake.com/
Jameson's Southern Cooking,https://jamesonssoutherncooking.weebly.com/
Jamrock Cuisine,https://www.facebook.com/JamrockCuisine/
Janette's Spicy Island,https://www.facebook.com/JanettesSpicyIsland/
Janga by Derrick's Jamaican Cuisine,http://jangabyderricks.com/
Jean's Trinidad Foods,https://www.facebook.com/pages/Jeans-Trinidad-Foods/147235461976708
Jebena Cafe,https://jebenacafe.com/
Jerk'd Modern Caribbean Kitchen,https://jerkdkitchen.com/
JerkShack,https://jerkshackseattle.com/
Jerkman BBQ,https://www.facebook.com/jerkmanbbq/
Jesse's Rib Shack,https://www.jessesribshack.com/
Johnathan's Sandwich House,https://johnathanssandwichalameda.com/
Johnson & Sarr Soul Food,https://www.facebook.com/pages/Johnson-Sarr-Soul-Food/806510592856633
Joloff Restaurant,https://www.joloffjoloff.com/
Jonathan's Fish & Chips,www.facebook.com/jonathansfishnchips/
Joyce's Market and Cafe,https://www.instagram.com/joycesmarketandcafe/
Jr's Texas Bar B Que,http://www.bbqfolsom.com/
Juanita and Maude,www.juanitaandmaude.com/
Juba Restaurant and Cafe,https://juba-restaurant-cafe.business.site/
Judith's Dessert Boutique,http://www.judithsdessertboutique.com/
Juice Me Too,https://www.juicemetoo.com/
Junebaby,https://www.junebabyseattle.com/
Just Add Honey Tea Shop,https://justaddhoney.net/
Just Fish Cafe Express,http://justfishcafe.net/
Just Potato Salad,https://www.facebook.com/justpotatosalad/
Just Steaks,https://www.facebook.com/JustSteaksLLC/
Justins Carribean Fusion Restaurant,https://www.facebook.com/Justinscaribbeanfusion/
K & K Soul Food,http://kksoulfood.com/
KB's BBQ Smokehouse,https://kbbbqsmokehouse.com/
KC Healthy Cooking,kocoyehcuisine.com
KC's BBQ,www.kcsbbq.com
KJs Cakery Bakery Sweet Shop,https://www.kjscakerybakery.com/
Kaffa Coffee and Wine Bar,https://kaffafoods.com/
Kalalou Caribbean Bar & Grill,https://kalalourestaurant.com/
Karen's Tasty Crabs,http://www.addicted2karens.com/
Karma Nutra,https://www.karma-nutra.com/
Kategna Ethiopian Restaurant,http://www.kategna.com/
Kaylee Cakepops & More,kayleecakepopsandmore.com
Kefa Coffee,www.orderkefacoffee.com
Keii Desserts,https://www.keiidesserts.com/
Keith's Chicken and Waffles,www.keithschickennwaffles.com
Kelsey & Kim's Southern Cafe,https://www.kelseysac.com/
Kelz Kitchen,https://www.kelzkitchen.com/location/kelz-kitchen-downtown-atlanta/
Kemper's Cafe Caribbean Cuisine,https://www.facebook.com/pg/Kempers-Cafe-Caribbean-Cuisine-407162119436048/about/?ref=page_internal
Kendejah Restaurant,http://kendejahrestaurant.com/
Kevante's Restaurant & Lounge,kevantes.com
Kezira Cafe,keziracaffe.com
Kim's Wings,http://www.kimswings.com/
King Jerk,https://www.facebook.com/kingjerkinc
King of Soulfood,https://www.facebook.com/pages/category/Soul-Food-Restaurant/King-Of-Soulfood-Orl-620669911283826/
King's Family Restaurant,https://www.kingsfamilyrestaurant.net/
Kingston 11 Cuisine,http://kingston11eats.com/dinner/
Kool Running,https://koolrunningsrestaurant.com/
Kopia Delices,http://kopia-delices.myshopify.com
Krack of Dawn Kafe,https://www.facebook.com/krackofdawndonuts/?rf=1411443032335540
Kreme & Krumbs,http://kremeandkrumbs.com/
Kreyol Kafe & Bakery,https://www.facebook.com/pages/category/Haitian-Restaurant/Kreyol-Kafe-Bakery-623599934429714/
Kreyol Korner Caribbean Cuisine,http://kreyolkorner.com/
Kula Kitchen,https://www.kulakitchen.ca/
Kupcakerie,kupcakerie.com
Kwizinn,https://www.kwizinn.ca/
L'Atelier Duo de Chef,https://www.duodechef.com/
L'Escape,https://www.restaurantlescape.com/
LALA'S West Argentine Grill,http://lalasgrill.com/
LC Roti Shop,https://www.facebook.com/pages/category/Trinidadian-Restaurant/L-C-Roti-Shop-113869238644930/
LUX Pub and Club,http://luxislife.com/
La Belle Haitiana,https://www.facebook.com/pages/la-belle-haitiana/159653614122514
La Bonne Bouffe Creole,http://www.labonnebouffecreole.com/
La Cuisse Kreyol,https://www.facebook.com/lacuissekreyol/
La Differance Bakerytr,https://www.instagram.com/ladifferance_bakerytr/
La Fierté Des Isles,https://restoresto.ca/restaurant/montreal/restaurant-la-fierte-des-isles
Lagos Chop,https://lagoschop.com/
Lagos Spot Nigerian Restaurant,https://lagos-spot-nigerian-restaurant.business.site/
Lakay Lola,https://cuisinelakaylola.com/
Lakou Cafe,https://www.lakoucafe.com/
Lalibela,https://www.yelp.com/biz/lalibela-ethiopian-restaurant-los-angeles
Lamp Fall,https://www.facebook.com/restaurantlampfall/
Lane-e Kefa Coffee,www.facebook.com/LaneeKefaCoffee/
Larsen's Diner,https://www.larsensjerseycity.com/
Las' Lap,https://www.laslapnewyork.com/
Lasalle Caribbean,https://www.facebook.com/pages/Restaurant-Lasalle-Caribbean-Inc/1539688282773956
Latoya's Kitchen,https://www.facebook.com/pages/Latoyas-Kitchen/340263569938197
Lavender Blue Restaurant Lounge,http://www.lavenderbluela.com/
Le Bled Resto lounge,https://www.lebledrestolounge.com/?lang=en
Le Fils à Maman,https://www.lefilsamaman.com/en/menu/
Le Jardin Du Cari,https://www.facebook.com/pages/Le-Jardin-du-Cari/169705209732729
Le Nil Bleu,https://www.nilbleurestaurant.com/
Le Paris Dakar,https://www.leparisdakar.com/
Le Petit Marche,https://www.lepetitmarche.net/
Le Succulent,https://lesucculent.com/
Le Virunga,http://www.levirungarestaurant.ca/
LeYou Ethiopian,https://leyou-sj.com/
Lee Lee's Rugelach,https://www.leeleesrugelach.com/
Lee's Caribbean Restaurant,http://orderlees.com/
Lee's Seafood Boil,https://www.leeseafoodboil.com/
Legends Bistro,https://www.legendsbistrocle.com/?fbclid=IwAR1zJQ29qhUUrOsKEkLnkmUwEp4RB3tEXy9xT6tiUw1p2X3aGS7pBv35kfo
Lemat,www.lemateats.com/
Lena’s Soul Food Cafe,www.lenassoulfoodcafe.com/
Lenox Cafe,https://www.facebook.com/pages/Lenox-Cafe/120339067982362
Lenox Cupcakes,https://www.lenoxcupcakes.com/
Les Bobos Crepes,https://www.instagram.com/lesboboscrepes/
Les Sisters,http://www.lessisters.com/
Let's Eat BBQ,http://letseatbbq.org/
Lettuce Feast,https://www.lettucefeast.online/
Level 13,www.level13oakland.com
Lickety Split Southern Kitchen & Bar,https://licketysplitdining.com/
Life Bistro,https://lifebistroatl.com/
Light Rail Cafe,https://lightrailcafe.com/
Lil Red Takeout & Catering,https://lilredtakeout.com/
Lil' Greenhouse Grill,lilgreenhousegrill.com
Lil's Caribbean Cuisine,https://www.facebook.com/pages/category/Caribbean-Restaurant/Lils-Caribbean-Cuisine-1899611736747348/
Limin's Cafe Caribe,http://www.liminscafe.com/
Lite & Soul Eatery,https://www.facebook.com/liteandsouleatery/
Little Baobab,www.bissapbaobab.com/
Little Belize Restaurant,https://themenustar2.com/webspace/menus.php?code=orderlees.com
Little Chef Pastry Shop,http://www.littlechefpastries.com/
Little Giant Ice Cream,www.littlegianticecream.com/
Little Kingston Jamaican Restaurant,https://www.instagram.com/jamaicaonthego/
Little Momma's Cooking,https://www.facebook.com/littlemommasf/
Little Red Hen Coffee Shop,https://little-red-hen-coffee-shop.hub.biz/
Little Skillet,www.littleskilletsf.com/
Live Wright,https://www.livewrightnj.com/
Lloyd's Carrot Cake,https://www.lloydscarrotcake.com/menu
Lloydie’s,http://lloydies.ca/
Local Green Atlanta,https://www.localgreenatlanta.com/
Local Kitchen,www.sf-local.com
Local Legend,https://locallegendmtl.com/
Lois the Pie Queen,http://loisthepiequeen.food73.com/
Lolo's Seafood Shack,http://www.lolosseafoodshack.com/
Lorna’s Caribbean & American Grill,lornascaribbean.com
"Lou, The French On The Block",https://www.louthefrenchontheblock.com/
Louisiana Charlies,http://www.louisianacharlies.com/
Lovely's,lovelysonthego.com
Lucinda,https://www.lucindaseattle.com/
Lucky Lotus Juice Bar,https://www.loveluckylotus.com/
Lumpia World,http://www.lumpiaworld.com/
Luna Verde Vegan Mexican Restaurant,https://www.veganlunaverde.com/
Luv Fats Ice Cream,https://www.instagram.com/luvfatsicecream/?hl=en
M'Dears,https://www.mdears.net/
MLK Cafe,https://www.facebook.com/mlkcafe/
MTL Bagel,http://mtlbagel.ca/
Mabel's Gourmet Pralines,https://www.facebook.com/MabelsGourmet/
Mabel's Gourmet Pralines,https://www.yelp.com/biz/mabels-gourmet-pralines-long-beach
Mac Shack,https://www.macshackny.com/copy-of-fulton-st
Mad Crab Seafood & Wings,https://www.facebook.com/madcrabseafoodandwings/
Magnolia Street Wine Lounge + Kitchen,www.chefleilani.com
Maison Harlem,https://www.maisonharlem.com/
Malibu's Burgers,www.malibusburgers.com
Mam Grillades,https://mam-grillade-ex-yko-poulet-barbecue.business.site/
Mama D Soul Food 2,https://mamads2.com/
Mama Lucy's All-Pro Ribs,https://www.facebook.com/pages/Mama-Lucys-Homestyle-Cooking/104900672887178
Mama Sher's Caribbean Cuisine,https://www.facebook.com/pages/category/Jamaican-Restaurant/MaMa-Shers-Caribbean-Cuisine-178111398875190/
Mama's Southern Style BBQ II,https://mamassouthernstylebbq2.com/
Mama’s Chicken and Market,http://www.mamaschicken.name/
Mango Bay,https://www.mangobay.ca/
MangoSeed,http://www.mangoseedrestaurant.com/
Mangos Caribbean Restaurant,http://www.mangoscaribbeanrestaurant.com/
Manjay Restaurant,manjayrestaurant.com
Maquis Yasolo,https://www.facebook.com/MaquisYasolo/
Marabou,https://www.yellowpages.ca/bus/Quebec/Montreal/RESTAURANT-MARABOU-CREOLE/101752075.html
Marche Afrique St-Denis,https://www.allin1africa.com/listing/marche-afrique-st-denis/
Marche Webo,https://www.facebook.com/marchewebo/
Marché Reynald,https://www.facebook.com/pages/category/Restaurant/Marche-Reynald-restaurant-111284385608836/
Marjorie,https://marjorierestaurant.com/eat-and-drink/
Mark's Jamaican Bar & Grill,http://www.jamaicanbarandgrill.com/home.html
Marmite Africaine,http://www.marmiteafricaine.ca/
Massawa Restaurant,https://www.facebook.com/massawarestaurantsf
Mazie's Soul Food Takeout,https://www.facebook.com/pages/Mazies-Soul-Food-Take-Out/121741197836476
Meals By Genet,http://www.mealsbygenet.com/
Mel's Fish Shack,https://melsfishshack.com/
Mela Bistro,www.melabistro.com/
Mela Ethiopian,https://melaethiopiankitchen.com/
Melba's,https://www.melbasrestaurant.com/
Meli-Melo Market,https://www.facebook.com/marchemelimelo.caraibe/
Men in the Kitchen,https://www.facebook.com/MenintheKitchenNJ/
Meskel,https://meskelethiopian.com/
Mesob Ethiopian,https://www.mesobrestaurant.com/
Messi Soul Kitchen,https://messisoulkitchen.weebly.com/
Messob Ethiopian Restaurant,http://ordermessobethiopianrestaurant.com/
Messob Ethiopian Restaurant,https://www.messob.com/
MexiQ,www.mexiqnow.com/
Miami Breeze,https://www.miamibreezecuisine.com/
Miche & Carré,https://www.facebook.com/MICHE-ET-CARR%C3%89-666695880448067/
Michelle's Caribbean American,https://www.facebook.com/pages/Michelles-Caribbean-American-Restaurant/120587127957024
Michelle's Kitchen,https://www.michelles.kitchen/
Mikey Likes It Ice Cream,https://mikeylikesiticecream.com/
Milk and Pull,https://milkandpull.square.site/
Milk and Pull,https://milkandpull.square.site/
Milk and Pull,https://milkandpull.square.site/
Minnie Bell's Soul Movement,www.minniebellssoul.com/
Miss Ollie’s,www.realmissolliesoakland.com/
Mission Bowling Club,https://missionbowlingclub.com/
Miyako Old-Fashioned Ice Cream,http://www.thefillmoredistrict.com/dss_pages/dss_miyako.html
Mochas Pops,http://www.mochapops.com/
Moji African Restaurant,mojiafricanrestaurant.com
Mojito,https://www.mojitoseattle.com/
Mom's Haus,https://www.eatmomshaus.com/
Monona Cafe and Restaurant,http://mononacafeandrestaurantseattle.cafecityguide.website/
Morgan's 405,morganswynwood.com
Morgan's Island Grill,http://morgansislandgrill.com/
Moya,https://eatmoya.business.site/?utm_source=gmb&utm_medium=referral
Mr Fries Man,https://www.mrfriesman.com/
Mr Fries Man,https://www.mrfriesman.com/
Mr. Catfish & More,https://www.mrcatfishatx.com/
Mr. Everything,http://mreverythingcafe.com/
Mr. Patty,http://www.mrpatty.com/
Mr. Pig's Smokehouse,https://www.mrpigsmokehouse.com/
Ms. B's M&M Soul Food,https://www.msbsmandmsoulfoodrestaurant.com/
Ms. Icey's Kitchen & Bar,http://www.msiceys.com/
Mudai,www.mudaiethiopiansanjose.com
Mumgry,https://www.mumgry.com/
Munchie's Diner (Vegan),https://www.munchiesvegandiner.com/
My Abyssinia,www.my-abyssinia.com/
My Fair Sweets,https://www.myfairsweets.com/
My Fish Stop,https://www.myfishstop.com/
My Granny's Kitchen,http://www.mygrannyskitchen.net/
My Potato Factory,https://www.facebook.com/MyPotatoFactory/
My Sweet Lil' Cakes,https://www.mysweetlilcakes.com/
My Two Cents,http://mytwocentsla.com/
Mytha Soul Food,https://www.facebook.com/pages/category/Soul-Food-Restaurant/Mytochas-Soul-Food-100115438346983/
Méli-Mélo Néo Resto,https://www.facebook.com/pages/category/Cajun---Creole-Restaurant/M%C3%A9li-M%C3%A9lo-N%C3%A9o-Resto-1978087735850331/
NJ Weedman's Joint,https://njweedmansjoint.com/
Nabolom Bakery,www.nabolombakery.com/
Nana's Southern Kitchen,https://www.facebook.com/nanassouthernkitchen/
Nancy's Pizza,https://nancyspizza.com/
Nate's Wings and Waffles,https://natesww.com/
Natraliart Jamaican Restaurant,https://www.natraliartrestaurant.com/
Natural Blend Cafe,http://naturalblendcafe.com/
Negril BK,https://negrilbk.com/
Negril Village,http://negrilnyc.com/
Negril's Spice Cuisine,http://negrilspices.com/
New Eritrea Restaurant,http://neweritrearestaurant.com/index.html
New Luck Toy,http://newlucktoy.bar/
New Orleans Snoballs,http://www.snoballshop.com/
New World Restaurant,https://newworldrestaurant8.wixsite.com/soulfood
Niella Catering,https://niellacatering.com/
Nikki's Place Southern Cuisine,https://www.nikkisplace.net/
Nile Ethiopian,http://www.nileorlando.com/
Ninja Pig,http://www.ninjapigatx.com/
Noonie's Place,https://nooniesplace707.square.site/
Norah's Irie Jamaican Restaurant,https://norahsirierestaurant.wordpress.com/menu/
Not As Famous Cookie,https://www.notasfamous.com/
Nouveau Bar & Grill,nouveaubar.com
Nubian Flavor Restaurant,https://newarknubianflavor.com/
Nuttin' Butter Cookies,www.nuttinbuttercookies.com
O's Grill,https://www.osgrill.com/
Obet & Del’s Coffee,https://www.yelp.com/biz/obet-and-dels-coffee-los-angeles
Odabro African Restaurant,https://odabro-african-restaurant-lounge.business.site/
Oeste,https://oesteoakland.com/
Oh My Burger,https://www.ohmyburgerla.com/
Olaide's Kitchen,https://www.olaideskitchen.com/
Old Lady Gang Southern Cuisine,http://oldladygang.com/
"Oley's Restaurant, Catering and Events",http://oleyskitchen.com/
Olive Branch Cafe,https://www.olivebranch-cafe.com/
Omar's Chicken and Waffles,www.omarschickenandwaffles.com/
One Time Bar-B-Que,https://www.facebook.com/pages/category/Barbecue-Restaurant/One-Time-Bar-B-Que-110085700384339/
One876 Carribean Restaurant,https://one876caribbeanrestaurant.com/
Onestop Caribbean Cuisine,https://onestop-caribbean-cuisine.business.site
Open Pitt BBQ,https://www.groupon.com/biz/cleveland/open-pit-barbecue-carry-out?fbclid=IwAR0gzeX3kZzm6qkEwsQZ9SIyI2-jfGF2W__xEVAblnmp_pHAx6XWIYS5op0
Orhema,https://orhemaexpress.ca/
Orlando Famous Pete's BBQ,https://www.facebook.com/pages/category/Barbecue-Restaurant/Orlando-Famous-Petes-BBQ-1459842050940034/
Orleans & York,http://orleansandyorkdeli.com/
Orleans & York,http://orleansandyorkdeli.com/
Orleans & York,http://orleansandyorkdeli.com/
Orleans & York,http://orleansandyorkdeli.com/
Orleans & York,http://orleansandyorkdeli.com/
Ortanique On The Mile,ortaniquerestaurants.com
Osteria Bella,https://osteriabella.com/
Oyo Pleasanton,oyopleasanton.com
O’Nells Comfort Kitchen,https://www.facebook.com/pages/category/American-Restaurant/O-Nells-Comfort-Kitchen-987688391418028/
O’Nells Comfort Kitchen,http://orderonells.com/index.php
P&D Soulfood,https://www.facebook.com/PDSoulfoodKitchen/
PLāYT,http://playtonb.com/
Pack Jack's BBQ,www.facebook.com/PackJackBBQ
Pack Supermarket,https://www.facebook.com/packsupermarket/
Palatino Jamaican Restaurant,https://www.facebook.com/PalatinoJamaicanRestaurant/
Palme,https://www.restopalme.com/
Palmer's Sweetery,https://www.sweetsavorypalmers.com/
Pam's Kitchen Caribbean,https://pams-kitchen.com/
Panini 76,https://panini76.com/
Papillon 25,https://papillon25.com/
Paschal's,https://www.paschalsatlanta.com/
Patchwork City Farms,https://www.patchworkcityfarms.com/
Paula's Soulfood Cafe,https://paulasoulfood.com/
Peach Drop Nutrition,https://www.facebook.com/pages/category/Smoothie---Juice-Bar/Peach-Drop-Nutrition-104578127730833/
Peaches HotHouse,http://www.bcrestaurantgroup.com/hothouse
Peaches Patties,https://peachespatties.com/
Peppa's Jerk Chicken,https://www.peppasonline.com/
Pepper's Jamaican Cuisine,https://www.instagram.com/peppersjamaicancuisine_/?hl=en
Perry Wings Plus,perrywings.com
Perry's Joint,https://perrysjoint.com/
Phat 12 Island Broiler,http://www.phat12.com/
Philly G Steak,philly-g-steaks.square.site
Phyllo Bar Melina's,https://www.facebook.com/PhylloBarMelina/
PieTisserie,www.pietisserie.com
Pikliz,https://www.restaurantpikliz.com/
Pimento Grill,https://www.pimentogrill.biz/
Pinckney Cookies,https://lovethesecookies.com/
Pineapple Express Bar,https://www.facebook.com/MiamiPineappleExpressBar/
Pinky and Red's,www.pinkyandreds.com/
Pinx Catering,www.pinxcatering.com/
Pisces California Cuisine,http://www.piscessf.com/
Pit Boss BBQ,https://pitboss-bbq.com/
Plant Based Pizzeria,https://www.plantbasedpizzeria.net/
Plum Bistro (Vegan),https://plumbistro.com/
Plum Chopped,https://plumbistro.com/
Plum Pantry,https://theplumpantry.com/
Poco Wine + Spirits,pocowineandspirits.com/?page_id=22
Ponko Chicken,ponkochicken.com
Ponty Bistro,http://www.pontybistroharlem.com/
Popbar,www.pop-bar.com
Poppy+Rose,https://www.poppyandrosela.com/
Post & Beam,http://www.postandbeamla.com/
Power Yummies,https://www.poweryummies.com/
Pretty Healthy Cafe,https://www.facebook.com/prettyhealthyrestaurant/
Priceless Bar-B-Que,https://priceless-bar-b-que.business.site/
Pure Juice & Smoothie Lounge,www.purejuiceandsmoothie.com/
QT Time Restaurant,http://www.qtimerestaurant.com/
Quickie Too (Vegan),https://www.facebook.com/pages/category/American-Restaurant/Quickie-Too-210575445619965/
R&B's Steak and Fries,https://www.rnbssteakandfries.com/
Radio Africa Kitchen,www.radioafricakitchen.com
Raggae Kitchen,https://www.instagram.com/reggaekitchen/?hl=en
Rahel,http://rahelvegancuisine.com/
Raphaels Gourmet,http://www.raphaelsgourmet.com/
Rasa Caffe,www.rasacaffe.com/
Red Door Catering,https://reddoorcatering.com/
Red Rooster Overtown,https://www.redroosterovertown.com/
Red Rose Catering,www.theredrosecatering.com/
Red Sea,redseaoakland.com
Red's Flavor Table,https://www.redsflavortable.com/
Red's House,www.eatreds.com
Reddz Bistro & Grill Restaurant,https://www.facebook.com/pages/category/American-Restaurant/Reddz-Grill-Bistro-693606380725014/
Reggae Pot,https://reggaepot.com/
Renaissance Harlem,https://renaissance-harlem.com/
Resa Grill,http://resagrill.com/
Restaurant Adonaï,restaurantadonai.com
Restaurant Jahmiz,https://restaurant-jahmiz.business.site/
Restaurant Kay Toto,kaytoto.com
Restaurant Kay Wodja,https://restaurant-kay-wodja.business.site/?utm_source=gmb&utm_medium=referral
Restaurant La Courbe,https://www.facebook.com/RestoLaCourbe/
Restaurant Le Métis,https://www.facebook.com/restaurantlemetis/
Restaurant Mandeq,https://restaurent-mandeq.business.site/
Restaurant Petit Sud,https://www.facebook.com/RestaurantLePetitSud/
Restaurant Queen Sheba,https://www.facebook.com/restaurantqueensheba/
Restaurant Steve Anna,http://www.restaurantsteveanna.com/
Restaurant Tsak Tsak,https://www.facebook.com/TsakTsakMtl/
Restaurant l'Inconnu,https://www.facebook.com/pages/category/Breakfast---Brunch-Restaurant/LInconnu-1889948191258880/
Resto Bar 30 Juin,https://restobar30juin.ca/
Resto Flap Flap,https://restoflapflap.com/
Reuschelle's Cheesecakes,www.reuschelles.com/
Rhythm & Spice,https://rhythmandspicejagrill.com/
Rn74,http://michaelmina.net/
Rob Ben's,www.instagram.com/robbens_restaurant/
Robert Dorsey Catering,https://chefrobertdorsey.com/
Robert Earl's BBQ,http://robertearlsbbq.com/
Robert Earls BBQ,http://robertearlsbbq.com/
Roc South Cuisine,https://www.rocsouth.com/
Rochestor's Barbecue & Grill,https://www.rochestersbbqandgrill.com/
Roderick’s BBQ,www.rodericksfoodtruck.com/
Roland's Soul Food,https://www.facebook.com/rolandssoulfood/
Ronnie & CJ's,https://www.facebook.com/Ronnieandcjs/
Ronnie's Southern Hospitality,https://ronniessouthernhospitality.com/
Root Baking Co.,https://www.rootbaking.com/
Rooted Garden,https://www.facebook.com/pages/category/Caribbean-Restaurant/Rooted-Garden-Cookhouse-and-Catering-319148638671794/
Roscoe's Chicken and Waffles,https://www.roscoeschickenandwaffles.com/
Roscoe's Chicken and Waffles,https://www.roscoeschickenandwaffles.com/
Roscoe's Chicken and Waffles,https://www.roscoeschickenandwaffles.com/
Roscoe's Chicken and Waffles,https://www.roscoeschickenandwaffles.com/
Roscoe's Chicken and Waffles,https://www.roscoeschickenandwaffles.com/
Roscoe's Chicken and Waffles,https://www.roscoeschickenandwaffles.com/
Roscoe's Chicken and Waffles,https://www.roscoeschickenandwaffles.com/
Roscoe's House of Chicken and Waffles,https://www.roscoeschickenandwaffles.com/
Rosie's Coffee Cafe,https://www.rosiescoffeecafe.com/
Rosie's Pop Up,https://www.facebook.com/rosiescoffeelounge/
Royal Gourmet Cookies,https://royalgourmetcookies.com/
Ruby's Vintage,https://www.rubysvintageharlem.com/rubysmenu
Rush Bowls,www.rushbowls.com/oakland
Rusty Pot Cafe,https://rustypotcafe.com/
Ruth's Buka,www.ruthsbuka.com
Ruthies Caribbean Kitchen,https://ruthiescaribbeankitchen.business.site/
Réve Bistro,http://revebistro.com/
SUKI's Seafood & Grill,sukismiami.com
Sabor Dominicano,https://www.facebook.com/sabordominicanoatl/?ref=page_internal
Safari Njema Restaurant,https://safari-restaurant.business.site/
Sal's Gumbo,http://www.salsgumboshack.com/
Sal's Gumbo Shack,http://www.salsgumboshack.com/
Salaama Restuarant,http://places.singleplatform.com/salaama-restaurant/menu
Salare,https://salarerestaurant.com/
Salt & Fire,www.saltandfireoakland.com
Salt Box Seafood,https://www.saltboxseafoodjoint.com/
SaltnSear Catering,http://saltnsearcatering.com/
Sam Sylk's Chicken & Fish,https://www.samsylkchickenandfish.com/
Sam's BBQ,https://www.facebook.com/ATXBBQ/
Sandi's Soul Bites,https://www.sandissoulbites.com/
Sandwiches Unlimited,http://sandwichesunlimited.net/
Sarrah Cafe,https://www.sarrahcafenj.com/#/
Sassy's Vegetarian Soul Food,https://sassys-vegetarian-soul-food.business.site/
Sauce the City,https://www.saucethecitycleveland.com/?fbclid=IwAR2mZpdhYYFru5PVdAOdRWAu04Bi-aDmJrTr760wKpQisnxVSL45ruKvUPk
Savannah's Southern Belle,http://www.savannahslinden.com/
Saveur Creole,https://saveurcreolerestaurant.com/
Say Cheese,http://www.saycheeselosangeles.com/
Scends,www.scendsrestaurant.com/
Scoop Du Jour,https://www.facebook.com/pages/Scoop-Du-Jour-Ice-Creamery/111578165543941
Seafood Station,https://www.instagram.com/theseafoodstation/
Seana's Soul Food,https://www.facebook.com/SeanasCooking/
Seasoned Vegan,https://www.seasonedvegan.com/
Secret Garden Juice Bar and Tea House,https://www.instagram.com/bk_secretgarden/?hl=en
Selam Ethiopian & Etricrean Cuisine Inc.,https://www.ethiopianrestaurantorlando.com
Serious Soul at Cubby's,https://www.yelp.com/biz/serious-soul-at-cubbys-auburn
Sevananda Natural Foods,https://sevananda.coop/
Sextant Coffee,https://sextantcoffee.com/
Shampa's Pies,www.shampaspies.com/
Shandmas,restaurantshandmas.com
Shantell's Just Until,https://www.facebook.com/shantellcafe/
Sheba Piano Lounge,http://twitter.com/shebaslounge
Shipwreck Seafood Boutique,https://shipwreckseafoodbrooklyn.business.site/
Shipwrecked in the Islands,https://www.facebook.com/shipwreckedintheislands/
Shuckin' & Jivin',weshuckin.com
Sicklerville Soul Food,http://www.sicklervillesoulfood.com/
Silver Slice Bakery,https://www.silverslicebakery.com/
Simba's Grill,https://simbasgrill.com/
Simply Jerk Jamaican Grill,https://www.simplyjerkjamaicangrill.com/
Simply Soulful Cafe,https://www.simplysoulfulcafe.com/
Simply Southern Cuisine,https://www.simplysoutherncomfortfoods.com/
Simply Wholesome,https://www.simplywholesome.com/
Sip & Sonder,https://www.sipandsonder.com/
Sistas Soul Food Kafe,http://sistassoulkafe.weebly.com/
Sister's Honey's Bakery,https://www.sisterhoneys.com/
Sisters,https://www.sistersbklyn.com/
Slides & Sides Eatery,www.slidesnsides.com
Slim & Husky's Pizza Beeria,https://slimandhuskys.com/
Slutty Vegan,https://sluttyveganatl.com/
Smokin Woods BBQ,www.smokinwoodsbbq.com
Snapper's Seafood,https://snappersseafoodrestaurant.com/
SoCo,https://socobklyn.com/
Sobre Mesa,www.sobremesaoak.com/
Sol Sips,https://www.solsipsnyc.com/
Solid Rock Cafe,www.solidrockcafe.us/
Some Good Food,https://somegoodfoodllc.com/
Something Fishy,https://www.somethingfishyapopka.com/
Sonia's Classic Caribbean Restaurant,https://www.restaurantji.com/nj/east-orange/sonias-classic-caribbean-restaurant-/
Sonoma Crust,http://sonomacrust.com/
Soul Food Chess House,https://m.facebook.com/1075broadstnewarknj/
Soul Food Factory,https://www.soulfoodfactory.com/
Soul Food Fantasy,https://www.soulfoodfantasy.us/
Soul Food Renaissance,https://soulfoodrenaissance.business.site/
Soul Snacks Cafe,https://www.soulsnacksnyc.com/
Soul Vegetarian,https://soulvegsouth.com/
Souley Vegan,https://souleyvegan.com/
Sous Le Palmier,https://souslepalmier.ca/
South LA Cafe,https://www.southlacafe.com/
Southern Cafe,https://www.southerncafeohio.com/
Southern Cafe,http://southerncafe2000.com/oakland-dinner-menu/
Southern Cafe,http://southerncafe2000.com/
Southern Express Soul Food,https://southern-express.business.site/
Southern Kitchen,https://www.southernkitchen-tacoma.com/
Splash Tea,https://splashtea.square.site/s/order
Spreading the Health,https://www.spreadingthehealthatl.com/
Springreens Community Cafe,springreenscommunitycafe.com
Spudz,https://spudznyc.com/
Stay Gold Deli,www.staygolddeli.com
Stevie's Creole Cafe,http://www.steviescreolecafe.com/
Stoningtons Fried Shrimp,http://www.stoningtonsseafood.com/
Stuff I Eat,https://www.stuffieat.com/
Subcity,https://www.subcityrestaurants.com/?fbclid=IwAR1d1gr_xyvZtoF2BDQb03X2QLcfj7fAH1_vPhaNsF7hWASYfA5NLFtVewU
Sublime Doughnuts,http://www.sublimedoughnuts.com/
SudWest Gyros & Co.,https://www.instagram.com/gyrosbro/
Sugarsweet,www.sugarsweetoak.com
Sugartown Cafe,www.sugartowncafe.com/
Sunday Dinners Soul Food,https://sunday-dinners-soul-food.business.site/
Sunday's Eatery,trickdaddystore.com
Sunshine Cafe,https://www.facebook.com/sunshinecafeperu/
Super Cool Fresh Black Ninja Pizza,https://www.blackninjapizza.com/?fbclid=IwAR18Bu_LuEGy3hqTvlCB-v-vNZGQJdGd7G2iSibYVA7RjVyaSn39ye3kBkc
Super Juiced,www.oaklandisjuiced.com/
Surulere Suya Spor,https://www.facebook.com/suruleresuyaspot
Suya African Grill,www.suyaafricangrill.com/
Swan,swanbevy.com
Sweet Auburn Seafood,http://sweetauburnseafood.com/saswordpress/
Sweet Blessings,https://www.sweetblessingsla.com/
Sweet Cheats Bakery,https://sweetcheatsatlanta.com/
Sweet Petals CupCakery,https://www.sweetpetalscupcakery.com/
Sweet Red Peach,https://www.sweetredpeach.com/
Sweet Shack Candy Shop,https://sweet-shack-candy.square.site/
Swerve Grille,https://www.swervegrillecle.com/
Sylvia's Restaurant,http://sylviasrestaurant.com/
TJ's Southern Gourmet,http://tjssoutherngourmet.com/
TNT Palace,https://www.facebook.com/pages/Tnt-Palace/213080159308583
Tacos Negros,https://www.instagram.com/tacosnegrosla/
Tadu Ethiopian Kitchen,http://taduethiopiankitchen.com/
Take 5 Live,https://www.facebook.com/take5live
Tan's Tasty Cakes,http://www.tanstastycakes.com/
Taps Deli,https://www.facebook.com/pages/Taps-Deli/385041658218561?rf=916976941725484
Taps and Tacos Street,http://www.tapsandtacos.ca/
Taqueria Los Mayas,www.taquerialosmayassf.com
Tassili's Raw Reality Cafe,https://www.tassilisrawreality.com/
Taste Rite Bakery,https://www.facebook.com/tasteritebakery/?rf=158151275034461
Taste of Ethiopia,http://tasteofethiopiaaustin.com/
Taste of Flava,http://www.tasteofflava.net/
Taste of Jamaica,https://www.facebook.com/TasteofJamaicaRestaurant/
Taste of Jamaica,http://www.tasteofjamaica5104.com/?fbclid=IwAR1gLXVPBFjXyMMHpur4sYocP1ZWJZbEQIjuPUeRZId9V-e8q9UNDdU7zQU#eat-together
Taste of Jamaica,https://www.tasteofjamaica1.com/
Taste of the Caribbean,http://www.tasteofthecaribbeanseattle.com/
Tastebuds,www.sftastebuds.com/
Tastey's Gail's Southern Style Soul Food,https://www.facebook.com/Tasteysgailsouthernsoulfood
Teni East Kitchen,http://www.tenieastkitchen.com/
Teranga,www.terangajuice.com/
Teranga,https://itsteranga.com/home
That Brown Girl Cooks,http://www.thatbrowngirl.com/
The Bergen,https://www.thebergenbk.com/
The Big Easy of Trenton Restaurant,https://www.facebook.com/pages/category/New-American-Restaurant/The-Big-Easy-396127970440674/
The Cenacle,https://www.thecenaclecoffee.com/
The Chicken Hut,https://chickenhutnc.weebly.com/
The Coconut On T,http://www.coconutmidtown.com/
The Comfort Zone,https://thecomfortzonesoulfood.com/
The Comfort Zone at the Dragon Pearl,https://thecomfortzonesoulfood.com/
The Consulate Restaurant,theconsulateatlanta.com
The Cook and Her Farmer,www.thecookandherfarmer.com/
The Cook's Nook,https://cooksnook.net/
The Cookout,www.facebook.com/thecookoutft
The Council Cafe,thecouncilcafe.com
The Court Cafe,https://www.instagram.com/thecourtcafe_inc/?hl=en
The Crabby Shack,http://www.thecrabbyshack.com/
The Craxk House Candy,https://craxk.com/
The Crispy Chick,http://thecrispychick.com/
The Cupcake Guys,https://thecupcakeguys.com/
The Dancing Blender,https://thedancingblender.com/
The Dapper Chef,https://recipemarker.com/
The District Gastrobar,https://www.thedistrictgastrobar.com/
The Edge Harlem,https://www.theedgeharlem.com/
The Famous Rib Shack,https://the-famous-rib-shack.business.site/
The Fish House Cafe,https://www.facebook.com/pages/The-Fish-House-Cafe/116689678354627
The Fresh Fix of Heights,https://freshfixofheights.com/?fbclid=IwAR0NYJ6Sq7qeCQEWCZaUvcrgaE-TT-7EMs9JQBxjg81ZEUrHA4fgn6sYK-s
The Fuel Shack,https://www.thefuelshack.com/
The Gingered Peach,https://www.thegingeredpeach.com/
The Good Neighbor Juice Bar,https://www.goodneighborjuicebar.com/
The Gravy Spoon Inc.,https://www.facebook.com/Thegravyspooninc/
The Halaal Corner,https://www.thehalaalcornernj.com/
The Harp ATL,https://www.theharpatl.com/
The Healthy Hippy,https://www.instagram.com/healthyhippy1/
The Hot Dog Factory,https://www.theoriginalhotdogfactory.com/
The Jerk Spot,http://jerkspotla.com/index.html
The Juke Joint Soul House,https://www.facebook.com/soulhousejukejoint/
The Junction Orlando,https://the-junction-bar-and-restaurant.business.site/
The Lettuce Inn,http://thelettuceinn.com/
The Licking,thelicking.com
The Lumpia Company,www.thelumpiacompany.com
The Memphis Grill,https://www.thememphisgrill.com/
The Miranda,www.themirandaoakland.com/
The Original Grill,https://www.facebook.com/The-Original-Grill-Restaraunt-180109138704244
The Original Phillys,http://theoriginalphillysseattle3.cafecityguide.website/
The Palace International,http://www.thepalaceinternational.com/
The Port Of Peri Peri,https://www.myperiperi.com/
The Real Milk and Honey,https://www.milkandhoneyatl.com/
The Rib Cage Smokehouse,https://ribcagesmokehouse.com/
The Rolling Rooster,https://therollingrooster.com/
The Serving Spoon,https://theservingspoon.net/
The ShrimpMan,https://the-shrimpman-seafood.business.site/
The Soul Food Shack,https://soulfoodshackgarde.wixsite.com/soulfoodshack
The Spice House,http://spicehouseatl.com/
The Squeeze Juice Bar,squeeze305.com
The Station,https://www.thestationbh.com/
The Sweet Fix Bakery,https://www.thesweetfixbakery.com/home
The Tackle Box Southern Seafood,http://www.thetackleboxsocal.com/
The Veg Hub,www.theveghub.com/
The Weekend Spot Restaurant,https://www.theweekendspot.com/
The Wine Alley,https://www.thewinealley.com/The_Wine_Alley2/About_Us.html
The Wing Bar,thewingbaratl.com
The Yummy Food Spot,https://www.facebook.com/pages/Jon-Jax-the-Yummy-Food-Spot/892856987424700
Theo’s CheeseSteak Shop,www.theoscheesesteak.com/
Thomas Thomas Vineyard,www.thomastthomasvineyard.com/
Tina's Place,www.facebook.com/tinasplacepinoleca/
Tipa-Tipa,https://www.facebook.com/resto3535
"Tom, Dick & Hank",https://tomdickandhank.com/
Tomorrowland,tomorrowlandmiami.com
Tonnie's Minis,https://tonniesminis.com/
Tony's Jamaican Food,https://www.tonysjamaicanfood.com/
Top Knotch Soultry Delights,https://www.topknotchsoultrydelights.com/
Touch of Soul,https://touch-of-soul.business.site/
Tougo Coffee,https://www.tougocoffee.com/
Trap Kitchen,https://complexoakland.com/
Tre's House of Cheesesteaks,https://www.facebook.com/Treshouseofcheesesteaks/
Trederick's Seafood,https://www.tredericksseafood.com/
Treelion,https://3treelion.com/
Tribune Tavern,https://tribunetavernoakland.com/
Tribute Coffee House,https://www.tributecoffeehouse.com/
Triple Jay’s Pizza,https://www.triplejayspizza.com/
Tropical Paradise,https://www.restomontreal.ca/resto/tropical-paradise-montreal/2351/en/
Tropico Creole,https://www.facebook.com/tropico.creole
Twisted Soul Cookhouse and Pours,https://www.twistedsoulcookhouseandpours.com/
Two Fish & Five Loaves,https://www.twofishfiveloaves.com/
Two Guys Restaurant,https://www.facebook.com/pages/category/Fast-Food-Restaurant/Two-Guys-Restaurant-157155987661282/
Two Que's Cafe,https://www.twoques.com/
UEDF Fish & Chips,https://www.facebook.com/UEDF-FISH-Chips-299048220120206/
Umani Kushi,https://umamikushi.com/
Uncle Willie's Original Barbeque,http://unclewilliesbbqfish.eat24hour.com/
Undergrind Cafe,http://www.undergrindcafe.com/
Ungrafted,www.ungraftedsf.com
Urban Burger,http://urbanburgercranford.com/
Urban Grind,https://www.urbangrindatlanta.com/
Urban Taste,https://www.urbantastenj.com/
Urban Vegan Kitchen,https://urbanvegankitchen.com/
VanillaBlack Coffee.,https://www.instagram.com/vanillablackla/
Veg on the Edge,https://vegontheedge.com/
Vegan And Juice,veganandjuice.com
Vegan Dream Doughnuts,http://www.vegandreamdoughnuts.com/home-.html
Vegan Mob,http://www.sfveganmob.com/
Vegetarian Restaurant By Hakin,https://www.vegbyhakin.com/
Vi Vibez Authnetic Virgin Island Cuisine,http://www.vivibez.net/
Vibez Juice & Vegan Cafe,https://www.vibezjuicecafe.com/
Victory Restaurant & Lounge,victorymiami.com
Vinateria,https://www.vinaterianyc.com/
Virgil’s Gullah Kitchen,https://virgilsgullahkitchen.com/
Virginia's Seafood & Wings,http://virginiasseafoodwings.com/
Vital Vegan Cafe,https://www.vitalveganinc.com/
Viva La Vegan ATL,https://www.facebook.com/vivalaveganatl/
Voodoo Love,www.voodoolovesf.com/
Wadada Healthy Market & Juice Bar,https://www.facebook.com/pg/Wadada-Healthy-Market-Juice-Bar-1905016789788718/about/?ref=page_internal
Walia Ethiopian Cuisine,http://www.waliaethiopian.com/
Walia Ethiopian Restaurant,http://waliaethiopian.com/
Want A Smoothie,https://www.wantasmoothie.com/
Wasota Vegan Paradise,https://www.facebook.com/wasotaveganparadise/
Watts Coffee House,https://www.facebook.com/whereweprepareourfoodwithLOVE
Way to Life Foods,https://www.waytolifefoods.com/contact-where-to-find-us.html
What A Rib BBQ,https://www.facebook.com/southernfreshcatering/
Who's Got Soul Cafe,https://whosgotsoulcafe.com/
Who’s Hungry Caribbean & Catering,https://www.whoshungrycatering.com/
Wild Magnolia Cafe,https://wildmagnolias.business.site/?fbclid=IwAR1IaCTJwTlntxzUF7SNDDlcSdnT7ONZrvIegNjhvHTGXz-cPM9Y49L0_as
Wildmangoes Carribean Restaurant,http://www.wildmangoes.com/
Wingstop,https://www.wingstop.com/location/wingstop-645-bellevue-wa-98007/menu
Wonder Bar,wondersportbar.com
Word of Mouth Caterings,https://wordofmouthcatering.com
World Famous House of Mac,houseofmac.com
Worthy Cupcakes and Supplies,nicepeopleeatcake.com
Woulibam Restaurant,https://www.woulibamrestuarantnj.com/#/
Y'all's Cafe,http://www.eatatyalls.cafe/
Yaad Pot,http://www.yaadpotfood.com/
Yamon Jamaican Cuisine,https://yamonga.com/
Yardie Spice,https://www.facebook.com/pages/category/Jamaican-Restaurant/Yardie-Spice-1750418601870226/
Yardy Real Jamaican Food,http://www.yardyrealjamaicanac.com/
Yatenga,http://www.yatengabistro.com/
Yes My Sweet,www.yesmysweet.com/
Yes Pudding,www.grattawines.com
Yvonne's Southern Sweets,www.yvonnessouthernsweets.com/
ZZoul Cafe,https://zzoulcafe.com/
Zaca Cafe,https://www.zacacafe.com/menu
Zagol Ethiopian Restaurant,http://www.zagolethiopianrestaurant.weebly.com/1
Zanzibar Soul Fusion,zanzibarohio.com
Zella's Soulful Kitchen,www.zellassoulfulkitchen.com/
Zeni Ethiopian Restaurant,http://zeniethiopianrestaurant.com/contact-us
Zoma Ethiopian,zomacleveland.com
Zuri's Donutz,https://www.facebook.com/zurisdonutz/
Zwelis,https://www.zwelis.com/menu-1
emil's Big Easy,https://jemilsbigeasy.com/
iKrave,https://www.facebook.com/iKrave4799/